,point.objects.object0.color[0],point.objects.object0.color[1],point.objects.object0.color[2],point.objects.object0.heading,point.objects.object0.position[0],point.objects.object0.position[1],point.objects.object0.velocity[0],point.objects.object0.velocity[1],point.objects.object1.color[0],point.objects.object1.color[1],point.objects.object1.color[2],point.objects.object1.heading,point.objects.object1.position[0],point.objects.object1.position[1],point.objects.object1.velocity[0],point.objects.object1.velocity[1],point.params.ADV_DIST,point.params.ADV_SPEED,point.params.EGO_SPEED,point.params.weather,rho,rho_0
0,0.3395894673385006,0.3395894673385006,0.3395894673385006,0.23040546868531475,246.18781738677166,162.82013499998197,0.0,0.0,0.08602030545989166,0.07929741418461377,0.07929741418461377,0.09595089480150665,248.74103656147088,149.05121724361476,0.0,0.0,-14.014724996600458,8.653793244838102,2.3645283713167378,6.0,-0.2689598644010318,1.6620344348467215
1,0.41077447347107787,0.6386548196439767,0.7014344714376786,3.1172765770799002,233.45466895622582,75.52421556222392,-0.0,0.0,0.8287789790789801,0.6825266527337543,0.48894008485596974,3.1172765770799002,233.79104085535386,89.35480211525602,-0.0,0.0,-13.834676376967993,8.331124840174105,2.226565398060066,12.0,-0.2744487453849831,1.662120377005885
