,point.objects.object0.color[0],point.objects.object0.color[1],point.objects.object0.color[2],point.objects.object0.heading,point.objects.object0.position[0],point.objects.object0.position[1],point.objects.object0.velocity[0],point.objects.object0.velocity[1],point.objects.object1.color[0],point.objects.object1.color[1],point.objects.object1.color[2],point.objects.object1.heading,point.objects.object1.position[0],point.objects.object1.position[1],point.objects.object1.velocity[0],point.objects.object1.velocity[1],point.params.ADV_SPEED,point.params.EGO_BRAKE,point.params.EGO_SPEED,point.params.SAFETY_DIST,point.params.weather,rho,rho_0
0,0.49118507885581786,0.49118507885581786,0.49118507885581786,-1.5719404081475354,-163.33546412972916,-91.37981481685803,0.0,-0.0,0.8062149330682888,0.708515319642582,0.38392540878389947,1.5696522454422577,-91.37745354543831,-87.96213838024491,0.0,0.0,7.047604031158573,0.9279207254734546,8.008087073629948,19.003460982104297,0.0,-0.2018043457464267,1.6677020238646847
1,0.9511497878773747,0.9463331944621345,0.9463331944621345,-1.572302613246913,-222.94932502565769,84.72962116305104,0.0,-0.0,0.7479937717835112,0.7479937717835112,0.7479937717835112,1.5692900403428802,-155.78789438574523,91.62846467462302,0.0,0.0,7.234981781733771,0.967352540141962,7.873096486913023,19.249684716422195,6.0,-0.2921575406207877,1.6570524777319555
