,point.objects.object0.color[0],point.objects.object0.color[1],point.objects.object0.color[2],point.objects.object0.heading,point.objects.object0.position[0],point.objects.object0.position[1],point.objects.object0.velocity[0],point.objects.object0.velocity[1],point.objects.object1.color[0],point.objects.object1.color[1],point.objects.object1.color[2],point.objects.object1.heading,point.objects.object1.position[0],point.objects.object1.position[1],point.objects.object1.velocity[0],point.objects.object1.velocity[1],point.params.ADV_SPEED,point.params.EGO_SPEED,point.params.SAFETY_DIST,point.params.weather,rho,rho_0
0,0.7198185140003612,0.6964565984235129,0.6964565984235129,-0.0068686868992196,-120.96381653389501,105.42780630226574,0.0,0.0,1.0,1.0,1.0,-1.5785202914868388,-155.16578852221738,135.5418587497262,0.0,-0.0,9.458124133122752,9.760060974346167,15.863776024321602,13.0,-0.3524856118606068,1.6420803864680205
1,0.7874565432505849,0.786720654470987,0.786720654470987,-0.0068686868992196,-120.96390953568375,105.41426654895761,0.0,0.0,0.5022427187225504,0.4470429627518243,0.4138172452394844,-1.5785202914868388,-153.99914047513835,135.53284742219776,0.0,-0.0,9.818303115834965,9.97133749404064,15.835873950674216,5.0,-0.2945142182723375,1.6507929340761234
